{
  "Galileo": {
    "E30": {
      "constellation": "Galileo",
      "svid": 30,
      "IODnav": 7,
      "toe": 385200,
      "toc": 385200,
      "M0": 0.009339962154626846,
      "e": 0.0005973349325358868,
      "sqrtA": 5440.59375,
      "OMEGA0": 0.6410837634466588,
      "i0": 0.3053712574765086,
      "omega": 0.32899683667346835,
      "OMEGAdot": -1.7126922102761455e-09,
      "iDot": 0.0,
      "deltan": 1.033299668051768e-09,
      "Cuc": 1.2349337339401245e-06,
      "Cus": 7.737427949905396e-06,
      "Crc": 173.5625,
      "Crs": 24.0,
      "Cic": 3.725290298461914e-08,
      "Cis": 1.6763806343078613e-08,
      "af0": -0.0006290734163485467,
      "af1": -4.3655745685100555e-11,
      "af2": 0.0,
      "SISA": 2
    },
    "E33": {
      "constellation": "Galileo",
      "svid": 33,
      "IODnav": 63,
      "toe": 418800,
      "toc": 418800,
      "M0": 0.7120182793587446,
      "e": 0.00034400762524455786,
      "sqrtA": 5440.59375,
      "OMEGA0": -0.6920129940845072,
      "i0": 0.3178669479675591,
      "omega": -0.4567555533722043,
      "OMEGAdot": -1.8110313249053434e-09,
      "iDot": 0.0,
      "deltan": 8.647020877106115e-10,
      "Cuc": 4.408881068229675e-06,
      "Cus": -4.6193599700927734e-07,
      "Crc": 364.71875,
      "Crs": 88.0,
      "Cic": 1.0803341865539551e-07,
      "Cis": 0.0,
      "af0": -1.6606063582003117e-06,
      "af1": -3.637978807091713e-12,
      "af2": 0.0,
      "SISA": 2
    },
    "E29": {
      "constellation": "Galileo",
      "svid": 29,
      "IODnav": 20,
      "toe": 393000,
      "toc": 393000,
      "M0": -0.04681791737675667,
      "e": 0.0001943719107657671,
      "sqrtA": 5440.59375,
      "OMEGA0": -0.028233179356902838,
      "i0": 0.3058295464143157,
      "omega": 0.8656900604255497,
      "OMEGAdot": -1.6586909623583779e-09,
      "iDot": 0.0,
      "deltan": 9.424638847121969e-10,
      "Cuc": -4.464760422706604e-06,
      "Cus": 1.0920688509941101e-05,
      "Crc": 105.9375,
      "Crs": -104.0,
      "Cic": -1.1175870895385742e-08,
      "Cis": 6.146728992462158e-08,
      "af0": -0.0001694078091531992,
      "af1": -3.637978807091713e-12,
      "af2": 0.0,
      "SISA": 2
    },
    "E27": {
      "constellation": "Galileo",
      "svid": 27,
      "IODnav": 28,
      "toe": 397800,
      "toc": 397800,
      "M0": 0.3811023039743304,
      "e": 0.00034033332485705614,
      "sqrtA": 5440.59375,
      "OMEGA0": 0.6404260476119816,
      "i0": 0.30606868164613843,
      "omega": 0.2124392124824226,
      "OMEGAdot": -1.709850039333105e-09,
      "iDot": 0.0,
      "deltan": 1.0446683518239297e-09,
      "Cuc": 7.972121238708496e-07,
      "Cus": 7.74674117565155e-06,
      "Crc": 175.375,
      "Crs": 16.0,
      "Cic": 3.725290298461914e-09,
      "Cis": 3.91155481338501e-08,
      "af0": -0.0008806404075585306,
      "af1": -1.0913936421275139e-11,
      "af2": 0.0,
      "SISA": 2
    },
    "E10": {
      "constellation": "Galileo",
      "svid": 10,
      "IODnav": 11,
      "toe": 387600,
      "toc": 387600,
      "M0": -0.9161411011591554,
      "e": 0.00011448608711361885,
      "sqrtA": 5440.59375,
      "OMEGA0": -0.6925632399506867,
      "i0": 0.31780493538826704,
      "omega": -0.43716262374073267,
      "OMEGAdot": -1.803414306777995e-09,
      "iDot": 0.0,
      "deltan": 8.417373464908451e-10,
      "Cuc": 4.187226295471191e-06,
      "Cus": -7.003545761108398e-07,
      "Crc": 371.0,
      "Crs": 88.0,
      "Cic": 5.4016709327697754e-08,
      "Cis": 2.60770320892334e-08,
      "af0": -0.000764756987337023,
      "af1": -3.637978807091713e-12,
      "af2": 0.0,
      "SISA": 2
    },
    "E12": {
      "constellation": "Galileo",
      "svid": 12,
      "IODnav": 16,
      "toe": 390600,
      "toc": 390600,
      "M0": 0.9626557966694236,
      "e": 0.00044820725452154875,
      "sqrtA": 5440.59375,
      "OMEGA0": -0.6919856509193778,
      "i0": 0.31687852879986167,
      "omega": -0.08112297998741269,
      "OMEGAdot": -1.8233095033792779e-09,
      "iDot": 0.0,
      "deltan": 8.428742148680612e-10,
      "Cuc": 4.217028617858887e-06,
      "Cus": -8.605420589447021e-07,
      "Crc": 376.3125,
      "Crs": 88.0,
      "Cic": -7.450580596923828e-09,
      "Cis": 5.587935447692871e-08,
      "af0": -1.8923543393611908e-05,
      "af1": -3.637978807091713e-12,
      "af2": 0.0,
      "SISA": 2
    },
    "E19": {
      "constellation": "Galileo",
      "svid": 19,
      "IODnav": 30,
      "toe": 399000,
      "toc": 399000,
      "M0": -0.7233688118867576,
      "e": 0.0001856122398748994,
      "sqrtA": 5440.625,
      "OMEGA0": -0.026085030287504196,
      "i0": 0.30966660054400563,
      "omega": -0.453899207059294,
      "OMEGAdot": -1.6366357158403844e-09,
      "iDot": 0.0,
      "deltan": 8.672031981404871e-10,
      "Cuc": -4.5765191316604614e-06,
      "Cus": 1.0993331670761108e-05,
      "Crc": 109.625,
      "Crs": -104.0,
      "Cic": -5.587935447692871e-08,
      "Cis": 3.91155481338501e-08,
      "af0": 0.0026377057656645775,
      "af1": 3.2741809263825417e-11,
      "af2": 0.0,
      "SISA": 2
    },
    "E21": {
      "constellation": "Galileo",
      "svid": 21,
      "IODnav": 34,
      "toe": 401400,
      "toc": 401400,
      "M0": 0.12845587078481913,
      "e": 0.000266761751845479,
      "sqrtA": 5440.59375,
      "OMEGA0": 0.640431362669915,
      "i0": 0.30607691407203674,
      "omega": 0.35283353365957737,
      "OMEGAdot": -1.7188312995131128e-09,
      "iDot": 0.0,
      "deltan": 1.0645635484252125e-09,
      "Cuc": 1.0281801223754883e-06,
      "Cus": 7.743015885353088e-06,
      "Crc": 176.0625,
      "Crs": 16.0,
      "Cic": 2.9802322387695312e-08,
      "Cis": 5.587935447692871e-08,
      "af0": -0.0007151055615395308,
      "af1": -3.637978807091713e-12,
      "af2": 0.0,
      "SISA": 2
    },
    "E23": {
      "constellation": "Galileo",
      "svid": 23,
      "IODnav": 58,
      "toe": 415800,
      "toc": 415800,
      "M0": 0.26231737341731787,
      "e": 0.00035832985304296017,
      "sqrtA": 5440.59375,
      "OMEGA0": 0.6393027883023024,
      "i0": 0.30668377690017223,
      "omega": 0.5365495546720922,
      "OMEGAdot": -1.7165575627586804e-09,
      "iDot": 5.820766091346741e-11,
      "deltan": 1.0443272913107648e-09,
      "Cuc": 3.520399332046509e-07,
      "Cus": 7.513910531997681e-06,
      "Crc": 181.9375,
      "Crs": 0.0,
      "Cic": -1.4901161193847656e-08,
      "Cis": 4.6566128730773926e-08,
      "af0": -2.208893420174718e-05,
      "af1": -3.637978807091713e-12,
      "af2": 0.0,
      "SISA": 2
    },
    "E04": {
      "constellation": "Galileo",
      "svid": 4,
      "IODnav": 49,
      "toe": 410400,
      "toc": 410400,
      "M0": -0.6533048585988581,
      "e": 0.00017412460874766111,
      "sqrtA": 5440.59375,
      "OMEGA0": -0.02844299841672182,
      "i0": 0.3079463057219982,
      "omega": -0.34111930849030614,
      "OMEGAdot": -1.6492549548274837e-09,
      "iDot": 0.0,
      "deltan": 8.601546142017469e-10,
      "Cuc": -4.559755325317383e-06,
      "Cus": 1.1019408702850342e-05,
      "Crc": 107.1875,
      "Crs": -104.0,
      "Cic": 0.0,
      "Cis": 3.3527612686157227e-08,
      "af0": -4.29423525929451e-05,
      "af1": -1.0913936421275139e-11,
      "af2": 0.0,
      "SISA": 2
    },
    "E06": {
      "constellation": "Galileo",
      "svid": 6,
      "IODnav": 53,
      "toe": 412800,
      "toc": 412800,
      "M0": 0.38633442437276244,
      "e": 0.00037983781658113003,
      "sqrtA": 5440.59375,
      "OMEGA0": -0.028272586409002542,
      "i0": 0.3058066377416253,
      "omega": 0.5886374218389392,
      "OMEGAdot": -1.664261617406737e-09,
      "iDot": 0.0,
      "deltan": 8.892584446584806e-10,
      "Cuc": -4.6137720346450806e-06,
      "Cus": 1.1045485734939575e-05,
      "Crc": 103.0625,
      "Crs": -104.0,
      "Cic": 1.30385160446167e-08,
      "Cis": 3.166496753692627e-08,
      "af0": -0.00021986948559060693,
      "af1": -7.275957614183426e-12,