{
  "Galileo": {
    "E10": {
      "Cic": -1.862645149231E-08,
      "Cis": 2.980232238770E-08,
      "Crc": 2.480625000000E+02,
      "Crs": 8.225000000000E+01,
      "Cuc": 3.892928361893E-06,
      "Cus": 5.019828677177E-06,
      "IDOT": 1.035757429169E-10,
      "M0": -7.230939570229E-01,
      "Omega0": -3.185998642432E-01,
      "Omega_dot": -5.452369970237E-09,
      "WN": 1362,
      "af0": -7.406690856442E-04,
      "af1": -2.614797267597E-12,
      "af2": 0.0,
      "delta_n0": 2.438315851357E-09,
      "e": 2.666639629751E-04,
      "i0": 9.992172838564E-01,
      "omega": 3.140956699694E+00,
      "sqrtA": 5.440599544525E+03,
      "svID": 10,
      "toc": 2.395400000000E+05,
      "toe": 238800,
      "tow": 2.395400000000E+05
    }
  }
}