{
  "GPS": {
    "G23": {
      "G23_228600": {
        "Cic": 8.940696716308594e-08,
        "Cis": -6.239861249923706e-08,
        "Crc": 309.70703125,
        "Crs": -26.484375,
        "Cuc": -1.3802200555801392e-06,
        "Cus": 4.268251359462738e-06,
        "IDOT": 1.9375807080137596e-10,
        "M0": -1.2342839713274223,
        "Omega0": 0.5596925833855096,
        "Omega_dot": -7.914201750320066e-09,
        "WN": 2386,
        "a": 26560389.30078125,
        "af0": 0.0005504938017111272,
        "af1": 5.6630256040079985e-12,
        "af2": 0.0,
        "e": 0.005749295058194548,
        "i0": 0.9860719986567463,
        "omega": -2.824586701499463,
        "svID": 23,
        "toc": 228600,
        "toe": 228600,
        "utc_time": null
      },
      "G23_235800": {
        "Cic": 5.21540641784668e-08,
        "Cis": 9.313225746154785e-08,
        "Crc": 322.07421875,
        "Crs": -23.96875,
        "Cuc": -1.2693926692008972e-06,
        "Cus": 3.655441105365753e-06,
        "IDOT": 1.2804104770929636e-10,
        "M0": -0.184414113770917,
        "Omega0": 0.5596354535086782,
        "Omega_dot": -8.0842088317974e-09,
        "WN": 2386,
        "a": 26560411.21875,
        "af0": 0.000550534576177597,
        "af1": 5.6630256040079985e-12,
        "af2": 0.0,
        "e": 0.005752201017457992,
        "i0": 0.9860723768210699,
        "omega": -2.8242754488545407,
        "svID": 23,
        "toc": 235800,
        "toe": 235800,
        "utc_time": null
      },
      "G23_243000": {
        "Cic": -4.0978193283081055e-08,
        "Cis": 1.2852251529693604e-07,
        "Crc": 324.99609375,
        "Crs": -33.05859375,
        "Cuc": -1.6996636986732483e-06,
        "Cus": 3.5390257835388184e-06,
        "IDOT": 7.161012570631498e-11,
        "M0": 0.8660726036745645,
        "Omega0": 0.5595776587355796,
        "Omega_dot": -8.036528274282223e-09,
        "WN": 2386,
        "a": 26560407.005859375,
        "af0": 0.0005505753215402365,
        "af1": 5.6630256040079985e-12,
        "af2": 0.0,
        "e": 0.005751562595833093,
        "i0": 0.986073340152625,
        "omega": -2.824591224110705,
        "svID": 23,
        "toc": 243000,
        "toe": 243000,
        "utc_time": null
      }
    },
    "G24": {
      "G24_228600": {
        "Cic": -8.568167686462402e-08,
        "Cis": 1.8067657947540283e-07,
        "Crc": 207.921875,
        "Crs": -19.83203125,
        "Cuc": -9.285286068916321e-07,
        "Cus": 8.269213140010834e-06,
        "IDOT": 1.0571868932204107e-10,
        "M0": -0.001817290234575563,
        "Omega0": 2.5707569427340182,
        "Omega_dot": -8.584586817406116e-09,
        "WN": 2386,
        "a": 26560201.4140625,
        "af0": -0.0002859984233509749,
        "af1": 1.1830536550405668e-11,
        "af2": 0.0,
        "e": 0.017468147387262434,
        "i0": 0.9347639242809312,
        "omega": 1.099469639335077,
        "svID": 24,
        "toc": 228600,
        "toe": 228600,
        "utc_time": null
      },
      "G24_235800": {
        "Cic": -2.3283064365386963e-07,
        "Cis": 1.2852251529693604e-07,
        "Crc": 203.796875,
        "Crs": -29.11328125,
        "Cuc": -1.471489667892456e-06,
        "Cus": 8.474104106426239e-06,
        "IDOT": 9.393248409357027e-11,
        "M0": 1.0482280041152907,
        "Omega0": 2.570695328281815,
        "Omega_dot": -8.529763105207017e-09,
        "WN": 2386,
        "a": 26560236.509765625,
        "af0": -0.00028591323643922806,
        "af1": 1.1834089264084469e-11,
        "af2": 0.0,
        "e": 0.01746748824371025,
        "i0": 0.9347644896987689,
        "omega": 1.0996245294440146,
        "svID": 24,
        "toc": 235800,
        "toe": 235800,
        "utc_time": null
      }
    },
    "G32": {
      "G32_228600": {
        "Cic": 2.8870999813079834e-08,
        "Cis": -1.2200325727462769e-07,
        "Crc": 247.09765625,
        "Crs": -75.359375,
        "Cuc": -3.890134394168854e-06,
        "Cus": 7.074326276779175e-06,
        "IDOT": 6.393123442109916e-11,
        "M0": 2.607870217656602,
        "Omega0": 1.6197824341886131,
        "Omega_dot": -7.75776666274218e-09,
        "WN": 2386,
        "a": 26560307.1953125,
        "af0": -0.00030573876574635506,
        "af1": 1.4082957022765186e-11,
        "af2": 0.0,
        "e": 0.008711378846783191,
        "i0": 0.9658795956878266,
        "omega": -2.061332155603993,
        "svID": 32,
        "toc": 228600,
        "toe": 228600,
        "utc_time": null
      },
      "G32_235800": {
        "Cic": 1.5459954738616943e-07,
        "Cis": -4.563480615615845e-08,
        "Crc": 245.8046875,
        "Crs": -86.14453125,
        "Cuc": -4.362314939498901e-06,
        "Cus": 7.002614438533783e-06,
        "IDOT": 1.8000749803482668e-10,
        "M0": -2.6248859708195926,
        "Omega0": 1.6197257607422222,
        "Omega_dot": -7.809197376466416e-09,
        "WN": 2386,
        "a": 26560273.623046875,
        "af0": -0.0003056373680010438,
        "af1": 1.4086509736443986e-11,
        "af2": 0.0,
        "e": 0.008712582406587899,
        "i0": 0.96588019475278,
        "omega": -2.061572835617853,
        "svID": 32,
        "toc": 235800,
        "toe": 235800,
        "utc_time": null
      },
      "G32_243000": {
        "Cic": 1.5739351511001587e-07,
        "Cis": 7.916241884231567e-08,
        "Crc": 238.828125,
        "Crs": -94.28515625,
        "Cuc": -4.7711655497550964e-06,
        "Cus": 7.3714181780815125e-06,
        "IDOT": 1.89829335725219e-10,
        "M0": -1.5745911282464697,
        "Omega0": 1.6196695517723216,
        "Omega_dot": -7.85169914683575e-09,
        "WN": 2386,
        "a": 26560308.94921875,
        "af0": -0.0003055359411519021,
        "af1": 1.4086509736443986e-11,
        "af2": 0.0,
        "e": 0.008711212838534266,
        "i0": 0.9658815538036757,
        "omega": -2.0616854569032674,
        "svID": 32,
        "toc": 243000,
        "toe": 243000,
        "utc_time": null
      }
    },
    "G10": {
      "G10_228600": {
        "Cic": 1.5087425708770752e-07,
        "Cis": -9.96515154838562e-08,
        "Crc": 309.4453125,
        "Crs": -28.2109375,
        "Cuc": -1.4491379261016846e-06,
        "Cus": 4.388391971588135e-06,
        "IDOT": 2.384027875758865e-10,
        "M0": -2.391868007223239,
        "Omega0": 0.5910391581247413,
        "Omega_dot": -7.739373039431082e-09,
        "WN": 2386,
        "a": 26560122.96484375,
        "af0": -0.0005378141941037029,
        "af1": -6.970424237806583e-12,
        "af2": 0.0,
        "e": 0.010583150782622397,
        "i0": 0.9910102885620571,
        "omega": -2.315866500335414,
        "svID": 10,
        "toc": 228600,
        "toe": 228600,
        "utc_time": null
      },
      "G10_235800": {
        "Cic": 2.4959444999694824e-07,
        "Cis": 3.725290298461914e-08,
        "Crc": 320.4375,
        "Crs": -27.94921875,
        "Cuc": -1.4435499906539917e-06,
        "Cus": 3.791414201259613e-06,
        "IDOT": 1.8036465576902277e-10,
        "M0": -1.3416682506679733,
        "Omega0": 0.590983712798078,
        "Omega_dot": -7.833841260125945e-09,
        "WN": 2386,
        "a": 26560084.833984375,
        "af0": -0.0005378643691074103,
        "af1": -6.966871524127782e-12,
        "af2": 0.0,
        "e": 0.010586094751488417,
        "i0": 0.9910116761398552,
        "omega": -2.3158699023514075,
        "svID": 10,
        "toc": 235800,
        "toe": 235800,
        "utc_time": null
      },
      "G10_243000": {
        "Cic": 2.7939677238464355e-09,
        "Cis": 1.73225998878479e-07,
        "Crc": 327.39453125,
        "Crs": -31.1875,
        "Cuc": -1.5664845705032349e-06,
        "Cus": 3.5138800740242004e-06,
        "IDOT": 1.4357740914682604e-10,
        "M0": -0.29134694683263257,
        "Omega0": 0.5909262208490218,
        "Omega_dot": -8.13992543833199e-09,
        "WN": 2386,
        "a": 26560103.21484375,