{
  "GPS": {
    "G09": {
      "G09_516600": {
        "Cic": 6.612390279769897e-08,
        "Cis": -5.774199962615967e-08,
        "Crc": 312.23046875,
        "Crs": -80.171875,
        "Cuc": -4.2943283915519714e-06,
        "Cus": 3.5585835576057434e-06,
        "IDOT": -2.1322316731506256e-10,
        "M0": 0.45207525388034114,
        "Omega0": 1.6009746414885544,
        "Omega_dot": -8.444938143335447e-09,
        "WN": 2386,
        "sqrtA": 5153.63146597711,
        "af0": 0.0007485143141821027,
        "af1": 4.476419235288631e-12,
        "af2": 0.0,
        "e": 0.0035282346070744097,
        "i0": 0.962713537408791,
        "omega": 2.0263893368953365,
        "svID": 9,
        "toc": 516600,
        "toe": 516600,
        "tow": 513828.0
      }
    },
    "G27": {
      "G27_516600": {
        "Cic": 1.0244548320770264e-08,
        "Cis": 1.4435499906539917e-07,
        "Crc": 258.35546875,
        "Crs": -29.875,
        "Cuc": -1.4631077647209167e-06,
        "Cus": 6.057322025299072e-06,
        "IDOT": -5.780597927963631e-10,
        "M0": -0.02219556279713859,
        "Omega0": -1.5278415921863588,
        "Omega_dot": -8.668876042676392e-09,
        "WN": 2386,
        "sqrtA": 5153.6499399090935,
        "af0": -2.6966648874804378e-05,
        "af1": -1.3606893389805919e-12,
        "af2": 0.0,
        "e": 0.013590832240879536,
        "i0": 0.9544620906171972,
        "omega": 0.8524957686134594,
        "svID": 27,
        "toc": 516600,
        "toe": 516600,
        "tow": 513804.0
      }
    },
    "G26": {
      "G26_516600": {
        "Cic": -2.0116567611694336e-07,
        "Cis": 1.2200325727462769e-07,
        "Crc": 210.84765625,
        "Crs": 59.8984375,
        "Cuc": 3.2102689146995544e-06,
        "Cus": 7.82497227191925e-06,
        "IDOT": 4.507330605554589e-10,
        "M0": 1.7508827338994635,
        "Omega0": -2.6561372115763526,
        "Omega_dot": -8.66994751587898e-09,
        "WN": 2386,
        "sqrtA": 5153.639772840465,
        "af0": -0.00026607068139128387,
        "af1": -2.8137492336099967e-12,
        "af2": 0.0,
        "e": 0.010462840960826725,
        "i0": 0.9290490999041287,
        "omega": 0.6571188210536543,
        "svID": 26,
        "toc": 516600,
        "toe": 516600,
        "tow": 513492.0
      }
    },
    "G04": {
      "G04_516600": {
        "Cic": 9.499490261077881e-08,
        "Cis": 5.3085386753082275e-08,
        "Crc": 297.64453125,
        "Crs": -96.31640625,
        "Cuc": -5.044043064117432e-06,
        "Cus": 4.429370164871216e-06,
        "IDOT": -2.376884721074944e-10,
        "M0": -0.2893413951333542,
        "Omega0": 1.6641777503117283,
        "Omega_dot": -8.375113806300112e-09,
        "WN": 2386,
        "sqrtA": 5153.581117435174,
        "af0": 1.280594733543694e-05,
        "af1": 3.353761712787673e-12,
        "af2": 0.0,
        "e": 0.003529263543896377,
        "i0": 0.9686871190781592,
        "omega": -2.9526362186815467,
        "svID": 4,
        "toc": 516600,
        "toe": 516600,
        "tow": 513798.0
      }
    },
    "G08": {
      "G08_516600": {
        "Cic": 8.754432201385498e-08,
        "Cis": 8.940696716308594e-08,
        "Crc": 263.86328125,
        "Crs": -31.95703125,
        "Cuc": -1.5702098608016968e-06,
        "Cus": 5.516223609447479e-06,
        "IDOT": -5.605590638207549e-10,
        "M0": -0.10189164808184059,
        "Omega0": -1.5585959213647569,
        "Omega_dot": -8.72280686054e-09,
        "WN": 2386,
        "sqrtA": 5153.615796632193,
        "af0": 0.0005295024602673948,
        "af1": -1.3820056210533949e-12,
        "af2": 0.0,
        "e": 0.010768308537080884,
        "i0": 0.9453737961675396,
        "omega": 0.4649956315173595,
        "svID": 8,
        "toc": 516600,
        "toe": 516600,
        "tow": 513774.0
      }
    }
  }
}