{
  "timestamp": null,
  "computation_time_utc": "2025-09-29T10:07:27.000015",
  "receiver_position_ecef": {
    "x": -8107959.2121,
    "y": 2922781.3377,
    "z": -105.85000000000001,
    "accuracy": 422805.9954,
    "iTOW": 122885000
  },
  "receiver_position_lla": {
    "latitude_deg": -0.0007071793860410182,
    "longitude_deg": 160.1766293713867,
    "altitude_m": 2240543.487426404
  },
  "gps_time_sow": 122865.00001502037,
  "satellite_geometry": {
    "G30": {
      "position_ecef": {
        "x": -112445.72770166551,
        "y": -31198.73646972803,
        "z": -78959.27216404972
      },
      "velocity_ecef": {
        "vx": 12839.484855033064,
        "vy": -31864.4162598288,
        "vz": -44872.62939740955,
        "speed": 56513.239722736915
      },
      "geometric_range_m": 8524110.042695036,
      "geometric_range_km": 8524.110042695036,
      "range_rate_ms": 23500.809396388147,
      "elevation_deg": -89.30182772494153,
      "azimuth_deg": 139.48082005333396,
      "visible": false
    },
    "G08": {
      "position_ecef": {
        "x": 2499581.0871225824,
        "y": 1061554.5315854321,
        "z": 401724.64193471224
      },
      "velocity_ecef": {
        "vx": -5428.999825731721,
        "vy": 6618.40879181487,
        "vz": -3626.4966731267737,
        "speed": 9296.711900643526
      },
      "geometric_range_m": 10777084.214558179,
      "geometric_range_km": 10777.08421455818,
      "range_rate_ms": -6621.821803974794,
      "elevation_deg": -79.9023598420984,
      "azimuth_deg": 282.27447634096404,
      "visible": false
    },
    "G14": {
      "position_ecef": {
        "x": 22461046.706679106,
        "y": -65435408.36408724,
        "z": -137822.07167818633
      },
      "velocity_ecef": {
        "vx": 2267.390223659865,
        "vy": 542.8192328000747,
        "vz": 14.39940479976392,
        "speed": 2331.5056269939782
      },
      "geometric_range_m": 74882075.21113177,
      "geometric_range_km": 74882.07521113177,
      "range_rate_ms": 430.0594228363936,
      "elevation_deg": -43.9169265449308,
      "azimuth_deg": 90.14696231657383,
      "visible": false
    },
    "G07": {
      "position_ecef": {
        "x": -829.1125920663777,
        "y": 524.5302119426813,
        "z": 3.7728272618606797
      },
      "velocity_ecef": {
        "vx": -357916.76907556364,
        "vy": -542705.542507618,
        "vz": 4462.78834801524,
        "speed": 650118.1707457633
      },
      "geometric_range_m": 8617722.629052004,
      "geometric_range_km": 8617.722629052003,
      "range_rate_ms": -152679.82192622623,
      "elevation_deg": -89.99858848374373,
      "azimuth_deg": 270.8792010838911,
      "visible": false
    },
    "G27": {
      "position_ecef": {
        "x": 42357076.73161711,
        "y": -64749161.772187985,
        "z": -41672314.06588817
      },
      "velocity_ecef": {
        "vx": 1656.7012463719923,
        "vy": 452.5607018900501,
        "vz": -74.68899977177068,
        "speed": 1719.025495829726
      },
      "geometric_range_m": 94142363.86801063,
      "geometric_range_km": 94142.36386801062,
      "range_rate_ms": 595.8240171519082,
      "elevation_deg": -48.42166885150775,
      "azimuth_deg": 131.83711167493522,
      "visible": false
    },
    "G01": {
      "position_ecef": {
        "x": 14750302.00484947,
        "y": 3598070.0791884717,
        "z": 14476431.64816234
      },
      "velocity_ecef": {
        "vx": 987.5099225570716,
        "vy": 3669.941728289246,
        "vz": -2308.715561380081,
        "speed": 4446.775874669857
      },
      "geometric_range_m": 27065222.309864327,
      "geometric_range_km": 27065.222309864326,
      "range_rate_ms": -309.2964545385281,
      "elevation_deg": -51.81890155496354,
      "azimuth_deg": 329.9136245406221,
      "visible": false
    },
    "G02": {
      "position_ecef": {
        "x": 5229845.83879442,
        "y": 5646335.677575802,
        "z": 48385.58357558021
      },
      "velocity_ecef": {
        "vx": -4877.832709841519,
        "vy": 5434.639781864343,
        "vz": 11.056219682309681,
        "speed": 7302.6490908310825
      },
      "geometric_range_m": 13613123.933801942,
      "geometric_range_km": 13613.123933801942,
      "range_rate_ms": -3691.842453182267,
      "elevation_deg": -58.635011536221846,
      "azimuth_deg": 270.3909630547462,
      "visible": false
    },
    "G22": {
      "position_ecef": {
        "x": 54036465.97984284,
        "y": 2779012.9887829423,
        "z": -21441081.335272275
      },
      "velocity_ecef": {
        "vx": 6.610162507725119,
        "vy": 2550.6707888185574,
        "vz": 874.6216902264324,
        "speed": 2696.4658848565473
      },
      "geometric_range_m": 65739376.948182106,
      "geometric_range_km": 65739.37694818211,
      "range_rate_ms": -284.5883862308371,
      "elevation_deg": -62.87773553775466,
      "azimuth_deg": 224.32079187070207,
      "visible": false
    },
    "G17": {
      "position_ecef": {
        "x": -2625629.4697523247,
        "y": 22850053.62124815,
        "z": 3795789.8588045444
      },
      "velocity_ecef": {
        "vx": -3702.874841288308,
        "vy": -1171.777187596345,
        "vz": 234.4491943273325,
        "speed": 3890.9266624209004
      },
      "geometric_range_m": 21013351.57224132,
      "geometric_range_km": 21013.35157224132,
      "range_rate_ms": -2034.9328430442147,
      "elevation_deg": 4.367562908312232,
      "azimuth_deg": 280.4378662302957,
      "visible": true
    },
    "G04": {
      "position_ecef": {
        "x": -2546.7342907388806,
        "y": 5110.270863213223,
        "z": 4845.439914707249
      },
      "velocity_ecef": {
        "vx": -240570.54731426388,
        "vy": -128644.10023709286,
        "vz": -55912.96902046355,
        "speed": 278477.5625891231
      },
      "geometric_range_m": 8614553.987581387,
      "geometric_range_km": 8614.553987581387,
      "range_rate_ms": -182813.7812361878,
      "elevation_deg": -89.95844975451398,
      "azimuth_deg": 320.8544411803115,
      "visible": false
    },
    "G09": {
      "position_ecef": {
        "x": -346185.06124188093,
        "y": -9101154.42106621,
        "z": 200431.23984306442
      },
      "velocity_ecef": {
        "vx": 4618.8872713864985,
        "vy": -1121.6168340500362,
        "vz": -1405.7438602233688,
        "speed": 4956.637948121321
      },
      "geometric_range_m": 14312944.638482632,
      "geometric_range_km": 14312.944638482631,
      "range_rate_ms": 3427.3244285915334,
      "elevation_deg": -52.6593451067763,
      "azimuth_deg": 88.67732203719736,
      "visible": false
    },
    "G13": {
      "position_ecef": {
        "x": -16015769.954374366,
        "y": -11929914.308003882,
        "z": -1325952.0670522815
      },
      "velocity_ecef": {
        "vx": 2772.8445567389203,
        "vy": -4222.968796055714,
        "vz": 994.2699039236936,
        "speed": 5148.854729951636
      },
      "geometric_range_m": 16878800.516352244,
      "geometric_range_km": 16878.800516352243,
      "range_rate_ms": 2338.856439922453,
      "elevation_deg": 8.182694175803448,
      "azimuth_deg": 94.55161456817036,
      "visible": true
    },
    "G19": {
      "position_ecef": {
        "x": 8608903.239304177,
        "y": 17851248.65223893,
        "z": -10280136.469802354
      },
      "velocity_ecef": {
        "vx": -1630.2529904942385,
        "vy": 2529.524216258076,
        "vz": 2918.9263807042803,
        "speed": 4192.415627013003
      },
      "geometric_range_m": 24657486.816877708,
      "geometric_range_km": 24657.486816877707,
      "range_rate_ms": -790.7313561486826,
      "elevation_deg": -25.62427665728411,
      "azimuth_deg": 242.45821532502612,
      "visible": false
    },
    "G06": {
      "position_ecef": {
        "x": 28637.797669714833,
        "y": -68846.22356019018,
        "z": 105084.30317577663
      },