{
  "Galileo": {
    "E33": {
      "constellation": "Galileo",
      "svid": 33,
      "IODnav": 124,
      "toe": 226800,
      "toc": 226800,
      "M0": -0.5625852439552546,
      "e": 0.00034015276469290257,
      "sqrtA": 5440.59375,
      "OMEGA0": -0.10079122055321932,
      "i0": 0.31812039483338594,
      "omega": -0.763258378021419,
      "OMEGAdot": -1.7236061466974206e-09,
      "iDot": 0.0,
      "deltan": 7.751168595859781e-10,
      "Cuc": 3.4887343645095825e-06,
      "Cus": 4.4442713260650635e-06,
      "Crc": 258.59375,
      "Crs": 72.0,
      "Cic": 0.0,
      "Cis": 1.6763806343078613e-08,
      "af0": 7.413967978209257e-06,
      "af1": -3.637978807091713e-12,
      "af2": 0.0,
      "SISA": 2
    },
    "E19": {
      "constellation": "Galileo",
      "svid": 19,
      "IODnav": 126,
      "toe": 228000,
      "toc": 228000,
      "M0": -0.1596727166324854,
      "e": 5.278550088405609e-05,
      "sqrtA": 5440.59375,
      "OMEGA0": 0.5651499340310693,
      "i0": 0.3090367685072124,
      "omega": 0.23064056830480695,
      "OMEGAdot": -1.7241745808860287e-09,
      "iDot": 0.0,
      "deltan": 9.580389814800583e-10,
      "Cuc": -5.083158612251282e-06,
      "Cus": 7.709488272666931e-06,
      "Crc": 180.75,
      "Crs": -112.0,
      "Cic": 7.450580596923828e-09,
      "Cis": -3.3527612686157227e-08,
      "af0": 0.002296293736435473,
      "af1": 3.637978807091713e-11,
      "af2": 0.0,
      "SISA": 2
    },
    "E07": {
      "constellation": "Galileo",
      "svid": 7,
      "IODnav": 124,
      "toe": 226800,
      "toc": 226800,
      "M0": 0.3230254496447742,
      "e": 0.00026706454809755087,
      "sqrtA": 5440.59375,
      "OMEGA0": 0.5629330305382609,
      "i0": 0.3073074114508927,
      "omega": 0.18531556287780404,
      "OMEGAdot": -1.7435013432987034e-09,
      "iDot": 0.0,
      "deltan": 9.905534170684405e-10,
      "Cuc": -5.97536563873291e-06,
      "Cus": 8.022412657737732e-06,
      "Crc": 170.9375,
      "Crs": -136.0,
      "Cic": -1.862645149230957e-08,
      "Cis": 9.12696123123169e-08,
      "af0": -0.00020874262554571033,
      "af1": -3.637978807091713e-12,
      "af2": 0.0,
      "SISA": 2
    },
    "E29": {
      "constellation": "Galileo",
      "svid": 29,
      "IODnav": 126,
      "toe": 228000,
      "toc": 228000,
      "M0": -0.3597296173684299,
      "e": 0.0003370639169588685,
      "sqrtA": 5440.59375,
      "OMEGA0": 0.5632940689101815,
      "i0": 0.30518943304196,
      "omega": 0.6600212780758739,
      "OMEGAdot": -1.769080881786067e-09,
      "iDot": 0.0,
      "deltan": 1.0443272913107648e-09,
      "Cuc": -5.321577191352844e-06,
      "Cus": 7.256865501403809e-06,
      "Crc": 184.0,
      "Crs": -120.0,
      "Cic": 8.009374141693115e-08,
      "Cis": 1.4901161193847656e-08,
      "af0": -0.00013704050797969103,
      "af1": -3.637978807091713e-12,
      "af2": 0.0,
      "SISA": 2
    },
    "E12": {
      "constellation": "Galileo",
      "svid": 12,
      "IODnav": 126,
      "toe": 228000,
      "toc": 228000,
      "M0": 0.4736456419341266,
      "e": 0.00013118970673531294,
      "sqrtA": 5440.59375,
      "OMEGA0": -0.10074664698913693,
      "i0": 0.31713291024789214,
      "omega": -0.013759187888354063,
      "OMEGAdot": -1.7355432646581903e-09,
      "iDot": 0.0,
      "deltan": 7.743210517219268e-10,
      "Cuc": 2.5760382413864136e-06,
      "Cus": 4.235655069351196e-06,
      "Crc": 261.40625,
      "Crs": 56.0,
      "Cic": 1.30385160446167e-08,
      "Cis": 2.7939677238464355e-08,
      "af0": -2.1889572963118553e-06,
      "af1": -3.637978807091713e-12,
      "af2": 0.0,
      "SISA": 2
    },
    "E10": {
      "constellation": "Galileo",
      "svid": 10,
      "IODnav": 17,
      "toe": 238800,
      "toc": 238800,
      "M0": -0.230167955160141,
      "e": 0.0002666639629751444,
      "sqrtA": 5440.59375,
      "OMEGA0": -0.10141348652541637,
      "i0": 0.3180607398971915,
      "omega": 0.9997975695878267,
      "OMEGAdot": -1.7355432646581903e-09,
      "iDot": 0.0,
      "deltan": 7.761400411254726e-10,
      "Cuc": 3.8929283618927e-06,
      "Cus": 5.019828677177429e-06,
      "Crc": 248.0625,
      "Crs": 80.0,
      "Cic": -1.862645149230957e-08,
      "Cis": 2.9802322387695312e-08,
      "af0": -0.0007406681543216109,
      "af1": -3.637978807091713e-12,
      "af2": 0.0,
      "SISA": 2
    },
    "E30": {
      "constellation": "Galileo",
      "svid": 30,
      "IODnav": 6,
      "toe": 232200,
      "toc": 232200,
      "M0": 0.07921298919245601,
      "e": 0.00030386203434318304,
      "sqrtA": 5440.59375,
      "OMEGA0": -0.767737977206707,
      "i0": 0.3057544520124793,
      "omega": 0.2182684843428433,
      "OMEGAdot": -1.754301592882257e-09,
      "iDot": 0.0,
      "deltan": 1.0514895620872267e-09,
      "Cuc": 2.298504114151001e-06,
      "Cus": 6.983056664466858e-06,
      "Crc": 190.21875,
      "Crs": 48.0,
      "Cic": 1.30385160446167e-08,
      "Cis": 2.0489096641540527e-08,
      "af0": -0.00025145249674096704,
      "af1": -4.3655745685100555e-11,
      "af2": 0.0,
      "SISA": 2
    },
    "E21": {
      "constellation": "Galileo",
      "svid": 21,
      "IODnav": 18,
      "toe": 239400,
      "toc": 239400,
      "M0": 0.39963285252451897,
      "e": 8.637644350528717e-05,
      "sqrtA": 5440.59375,
      "OMEGA0": -0.7684305403381586,
      "i0": 0.3064613761380315,
      "omega": -0.315888530574739,
      "OMEGAdot": -1.7736283552949317e-09,
      "iDot": 0.0,
      "deltan": 1.0854819265659899e-09,
      "Cuc": 2.039596438407898e-06,
      "Cus": 6.407499313354492e-06,
      "Crc": 198.59375,
      "Crs": 40.0,
      "Cic": 2.2351741790771484e-08,
      "Cis": -6.51925802230835e-08,
      "af0": -0.0006928895018063486,
      "af1": -3.637978807091713e-12,
      "af2": 0.0,
      "SISA": 2
    },
    "E04": {
      "constellation": "Galileo",
      "svid": 4,
      "IODnav": 13,
      "toe": 236400,
      "toc": 236400,
      "M0": -0.05148807866498828,
      "e": 0.0001143959816545248,
      "sqrtA": 5440.59375,
      "OMEGA0": 0.5629330668598413,
      "i0": 0.3073075865395367,
      "omega": 0.18358153058215976,
      "OMEGAdot": -1.7359980120090768e-09,
      "iDot": 0.0,
      "deltan": 9.828227121033706e-10,
      "Cuc": -5.511566996574402e-06,
      "Cus": 7.661059498786926e-06,
      "Crc": 182.375,
      "Crs": -120.0,
      "Cic": 1.30385160446167e-08,
      "Cis": -5.587935447692871e-09,
      "af0": -0.00035450479481369257,
      "af1": -1.0913936421275139e-11,
      "af2": 0.0,
      "SISA": 2
    },
    "E27": {
      "constellation": "Galileo",
      "svid": 27,
      "IODnav": 18,
      "toe": 239400,
      "toc": 239400,
      "M0": 0.49773865286260843,
      "e": 0.00022197316866368055,
      "sqrtA": 5440.59375,
      "OMEGA0": -0.768441591411829,
      "i0": 0.30645226035267115,
      "omega": -0.15975314937531948,
      "OMEGAdot": -1.7672618923825212e-09,
      "iDot": 0.0,
      "deltan": 1.0732037480920553e-09,
      "Cuc": 2.2649765014648438e-06,
      "Cus": 6.860122084617615e-06,
      "Crc": 192.875,
      "Crs": 40.0,
      "Cic": 6.891787052154541e-08,
      "Cis": 5.029141902923584e-08,
      "af0": -0.0007846110383979976,
      "af1": -1.0913936421275139e-11,
      "af2": 0.0,
      "SISA": 2
    },
    "E11": {
      "constellation": "Galileo",
      "svid": 11,
      "IODnav": 18,
      "toe": 239400,
      "toc": 239400,
      "M0": 0.21473658410832286,
      "e": 0.00016817543655633926,
      "sqrtA": 5440.59375,
      "OMEGA0": -0.10076849302276969,
      "i0": 0.3171293674968183,
      "omega": 0.44271922716870904,
      "OMEGAdot": -1.7390675566275604e-09,
      "iDot": 0.0,
      "deltan": 7.848939276300371e-10,
      "Cuc": 3.6712735891342163e-06,
      "Cus": 4.582107067108154e-06,
      "Crc": 256.0,
      "Crs": 72.0,
      "Cic": 1.6763806343078613e-08,
      "Cis": 3.3527612686157227e-08,
      "af0": 0.0017672761459834874,
      "af1": 2.255546860396862e-10,