{
  "GPS": {
    "G01": {
      "Cic": -1.4901161193847656e-08,
      "Cis": 5.587935447692871e-09,
      "Crc": 292.40234375,
      "Crs": 63.7734375,
      "Cuc": 3.293156623840332e-06,
      "Cus": 4.451721906661987e-06,
      "IDOT": 1.4911335402686535e-10,
      "M0": 2.8351595922799455,
      "Omega0": -1.3911838678436084,
      "Omega_dot": -8.210464090835717e-09,
      "WN": 2394,
      "af0": 0.0003537953016348183,
      "af1": -8.668621376273222e-13,
      "af2": 0.0,
      "delta_n0": 4.44429226546898e-09,
      "e": 0.0010854057618416846,
      "i0": 0.9584121391297158,
      "omega": -0.08522012173727894,
      "sqrt_A": 5153.646260590348,
      "svID": 1,
      "toc": 228600,
      "toe": 228600,
      "tow": 230388.0
    }
  },
  "Galileo": {
    "E36": {
      "Cic": 1.862645149230957e-09,
      "Cis": 1.862645149230957e-09,
      "Crc": 289.75,
      "Crs": 96.0,
      "Cuc": 4.820525646209717e-06,
      "Cus": 3.129243850708008e-06,
      "IDOT": 0.0,
      "M0": -2.5905262485821017,
      "Omega0": -1.3064231945470584,
      "Omega_dot": -5.533801933634136e-09,
      "WN": 1370,
      "af0": -0.0004855185397900641,
      "af1": -7.275957614183426e-12,
      "af2": 0.0,
      "delta_n0": 2.517604868348201e-09,
      "e": 0.00035158637911081314,
      "i0": 0.9986116269940281,
      "omega": -1.2271896422658553,
      "sqrt_A": 5440.59375,
      "svID": 36,
      "toc": 225000,
      "toe": 225000,
      "tow": 225685
    }
  }
}