{
  "GPS": {
    "G04": {
      "Cic": 9.499490261077881e-08,
      "Cis": 5.3085386753082275e-08,
      "Crc": 297.64453125,
      "Crs": -96.31640625,
      "Cuc": -5.044043064117432e-06,
      "Cus": 4.429370164871216e-06,
      "IDOT": -2.376884721074944e-10,
      "M0": -0.2893413951333542,
      "Omega0": 1.6641777503117283,
      "Omega_dot": -8.375113806300112e-09,
      "WN": 2386,
      "af0": 1.280594733543694e-05,
      "af1": 3.353761712787673e-12,
      "af2": 0.0,
      "delta_n0": 4.520188283985648e-09,
      "e": 0.003529263543896377,
      "i0": 0.9686871190781592,
      "omega": -2.9526362186815467,
      "sqrt_A": 5153.581117435174,
      "svID": 4,
      "toc": 516600,
      "toe": 516600,
      "tow": 513798.0
    }
  },
  "Galileo": {
    "E24": {
      "Cic": 5.587935447692871e-09,
      "Cis": -9.685754776000977e-08,
      "Crc": 226.09375,
      "Crs": 72.0,
      "Cuc": 3.6954879760742188e-06,
      "Cus": 5.211681127548218e-06,
      "IDOT": 0.0,
      "M0": -0.34396038593641387,
      "Omega0": -2.4134465967552505,
      "Omega_dot": -5.935604384604732e-09,
      "WN": 1362,
      "af0": -0.0002123035374097526,
      "af1": -2.1827872842550278e-11,
      "af2": 0.0,
      "delta_n0": 3.7051543345501826e-09,
      "e": 0.0005296682938933372,
      "i0": 0.9605843150038456,
      "omega": 0.7557083433829885,
      "sqrt_A": 5440.59375,
      "svID": 24,
      "toc": 513000,
      "toe": 513000,
      "tow": 513805
    }
  }
}