{
  "GPS": {
    "G01": {
      "Cic": -1.862645149230957e-09,
      "Cis": 2.1420419216156006e-08,
      "Crc": 264.69921875,
      "Crs": 46.46484375,
      "Cuc": 2.370215952396393e-06,
      "Cus": 5.864538252353668e-06,
      "IDOT": 7.071723137082477e-11,
      "M0": 2.868416832388916,
      "Omega0": -0.38821584855406926,
      "Omega_dot": -8.125996286698343e-09,
      "WN": 2386,
      "af0": 0.00034998852061107755,
      "af1": 2.511768570911954e-12,
      "af2": 0.0,
      "delta_n0": 4.373039297496861e-09,
      "e": 0.0008105787565000355,
      "i0": 0.959121757533885,
      "omega": -0.03261857176872783,
      "sqrtA": 5153.655208661677,
      "svID": 1,
      "toc": 243000,
      "toe": 243000,
      "tow": 240444.0
    }
  },
  "Galileo": {
    "E10": {
      "Cic": -1.862645149230957e-08,
      "Cis": 2.9802322387695312e-08,
      "Crc": 248.0625,
      "Crs": 80.0,
      "Cuc": 3.8929283618927e-06,
      "Cus": 5.019828677177429e-06,
      "IDOT": 0.0,
      "M0": -0.7230939570228855,
      "Omega0": -0.31859986424317627,
      "Omega_dot": -5.452369970237429e-09,
      "WN": 1362,
      "af0": -0.0007406681543216109,
      "af1": -3.637978807091713e-12,
      "af2": 0.0,
      "delta_n0": 2.4383158513566703e-09,
      "e": 0.0002666639629751444,
      "i0": 0.9992172838563531,
      "omega": 3.1409566996940534,
      "sqrtA": 5440.59375,
      "svID": 10,
      "toc": 238800,
      "toe": 238800,
      "tow": 239515
    }
  }
}